driverId,name,ssn,location,certified,wage-plan
10,George Weaver,260-27-3482,"812 Perez Unions
Gonzalestown, OH 31963",Y,hours
11,Raymond Reyes,385-91-7008,"02924 Patterson Walks Apt. 967
Mossburgh, IA 33809",Y,miles
12,Pedro Snyder,600-52-7677,"PSC 2962, Box 0260
APO AA 90170",N,hours
13,Timothy Page,563-29-9209,"033 Moss View Apt. 651
Williamstown, GA 48893",N,hours
14,Stephanie Nelson,464-14-3725,"776 Kevin Corners
Ericton, SC 75973",N,hours
15,Timothy Garcia,191-10-4706,"69755 Moore Center Apt. 868
North Evan, ME 01930",N,hours
16,Zachary Blake,677-42-8395,"01069 Gregory Village Suite 151
New Daniel, NH 75708",N,miles
17,Susan Hernandez,881-90-3502,"8226 Rodriguez Falls
Lake Jaredburgh, ND 78411",N,miles
18,Jacqueline Lopez,275-38-6381,"711 Young Valley
Craigmouth, VI 54736",N,miles
19,Rebecca Jenkins,506-83-0962,"300 Heather Prairie
South Julie, AS 55605",Y,miles
20,Craig Dunn,813-10-4008,"764 Robles Alley
West Davidton, IL 41788",N,hours
21,Elijah Henry,546-22-6270,"95886 Nicholson Wells Apt. 399
Lindaview, DC 97377",N,miles
22,Erin Sandoval,393-29-1753,"Unit 1230 Box 9708
DPO AP 63235",N,hours
23,Barbara Robinson,435-27-4679,"8980 Dickerson Course
South Michaelport, SD 16605",N,miles
24,Michelle Jones,190-05-0679,"8104 Wendy Stravenue
Snydershire, HI 94119",N,miles
25,Katherine Ramos,644-58-1130,"700 Mary Meadows Suite 541
Valeriestad, MP 22240",N,hours
26,Jacob Harrell,679-47-9217,"619 Jensen Rapid
Zacharychester, CO 31883",N,hours
27,Nicholas Dickerson,591-89-7811,"46546 Strickland Tunnel
Davisville, DE 49788",N,miles
28,Wendy Perez,518-05-5143,"1483 Jennifer Estate Apt. 943
Morriston, ND 26801",N,miles
29,Yolanda Ferguson,054-12-5705,"430 Tanya Valley
Michaelshire, NH 94415",N,hours
30,Logan Boyd,716-51-7034,"11789 Ruiz Ports Apt. 876
Lake Davidport, AS 43915",Y,miles
31,Mathew Johnson,676-53-6400,"687 Ramsey Station Apt. 108
East Brianton, IL 14511",Y,miles
32,Jennifer Martin,862-64-8025,"037 Cunningham Landing
East James, WY 48372",N,miles
33,Benjamin Maynard,304-59-0686,"119 Ashley Hill Apt. 122
Smithburgh, ND 24890",N,miles
34,Barbara Gardner,764-75-7620,"024 Jonathan Knolls Apt. 581
Marvinhaven, GU 70703",N,hours
35,Cody Fowler,067-39-9363,"3621 Angel Lane Apt. 121
Johnville, MA 60985",Y,hours
36,Daniel Wilson,469-73-4550,"315 Clark Gardens Suite 960
Steveville, WI 77666",Y,miles
37,Alexander Phillips,240-39-7241,"1532 Gina Plains Suite 742
Josechester, MH 90816",Y,miles
38,Christopher Rodriguez,096-83-6775,"59292 Cheryl Station
Alexisland, IN 68116",N,miles
39,Susan Hill,856-42-2015,"79023 Hendrix Lodge Apt. 962
East Maryport, ID 43412",N,miles
40,Cody Beard,305-83-0498,"8798 Samantha Station
South Pamelaview, MS 65715",N,hours
41,Eric Wilson,848-19-3793,"USNV Lee
FPO AP 23566",N,hours
42,Charles Soto,743-21-5639,"257 Smith Cape Apt. 073
South Ronniefort, UT 75915",Y,miles
43,Amber Ball,620-97-3294,"4476 Brian Lakes
East Charlotte, PW 63714",N,miles
44,Randall Murphy,495-88-5012,"46677 Travis Dam
New Katherine, KY 84128",N,hours
45,Eric Parker,154-08-8178,"558 Cruz Island Suite 196
Lake Brendaland, GA 87693",Y,hours
46,Connie Anderson,502-96-1359,"PSC 0305, Box 6492
APO AE 69364",N,hours
47,Heidi Nelson,713-56-5965,"6507 Matthew Crescent Suite 455
North Christopher, GU 65220",N,hours
48,Kevin Jones,727-66-4823,"56021 Kimberly Alley Suite 391
Taylorburgh, UT 15475",Y,miles
49,Joseph Mendoza,739-05-4734,"172 Ronald Circles
Bakerberg, NV 08159",N,hours
50,Tristan Fox,379-06-9105,"Unit 1643 Box 5252
DPO AP 30884",Y,miles
51,Amber Barton,423-64-2243,"271 Stephen Lane Apt. 009
West Vicki, UT 09423",N,hours
52,Brian Reyes,546-49-2815,"71839 Aaron Mountains
Lake Emma, IN 18528",Y,miles
53,Albert Wood,029-64-4048,"USNS Taylor
FPO AA 31443",Y,hours
54,Tyrone Torres,272-43-6768,"9581 Brooks Coves
Doylehaven, GA 56452",Y,miles
55,Joseph Harrison,873-15-8102,"401 Colon Village Suite 491
Jenniferstad, WA 28479",Y,hours
56,Renee Boyd,744-28-6275,"85852 Summers Avenue Suite 812
Lake Logan, MN 34986",N,hours
57,Angela Mckinney,663-27-3162,"026 George Avenue Apt. 992
New Michael, FL 68838",N,miles
58,Samantha Jenkins,075-78-3950,"8127 Richards Spur
Silvaport, NH 47126",Y,hours
59,David Perry,032-85-3222,"7772 Juan Village
Lake Jeremyport, PW 76768",N,miles
60,Jeffery Mcdonald,069-99-5926,"17680 Brittany Shores
Josephville, WV 01620",Y,hours
61,Jennifer Walker,157-70-3375,"665 Lucas Knoll
Josephborough, IL 51481",Y,hours
62,Emily Terry,891-45-7493,"25386 Stone Canyon Apt. 842
Port Ryantown, IN 65059",N,miles
63,Anita Cook,365-61-5397,"8374 Amy Center
North Christopher, NE 33303",N,hours
64,Leah Guerrero,548-29-7540,"771 Ramirez Glens Suite 072
Toddburgh, UT 56108",N,hours
65,Benjamin Fisher,535-29-8870,"6736 Kathy Wells Suite 706
Eugeneburgh, VT 89789",Y,miles
66,Frederick Johnson,290-87-6732,"749 Nichols Lane
Clarkburgh, NV 20744",N,hours
67,Dawn Middleton,641-69-3418,"23092 Brandi Greens Suite 207
West Christopher, PR 33584",N,miles
68,Ryan Mccoy,111-48-4338,"853 Richardson Trail Apt. 423
Victoriashire, OH 55988",N,hours
69,Robert Boyd,639-03-1158,"32618 Dean Underpass Suite 280
Phillipberg, NH 73989",Y,miles
70,Scott Miller,597-73-5745,"8280 Christina Falls
North Juan, WA 64140",Y,miles
71,Jeff Rodriguez,704-84-2942,"Unit 1050 Box 3689
DPO AA 13447",Y,hours
72,Marissa Reid,699-35-8057,"5643 Veronica Prairie
North Michaelshire, AZ 63681",N,hours
73,David Morse,289-03-5887,"014 George Ports
New Sarah, WI 94447",N,hours
74,Amanda Phillips,309-24-8637,"323 Mark Light Suite 452
Buckside, NY 00809",Y,miles
75,Eric Vazquez,172-53-3952,"357 Michael Loop
Austinfurt, NY 20690",Y,hours
76,James Lowe,148-95-1631,"965 Amy Ports Suite 675
Crystalberg, SD 11060",Y,hours
77,George Smith,151-46-3849,"6744 Randy Oval Apt. 477
Johnsonville, LA 88299",N,hours
78,Edward Wilkinson,394-23-3606,"22827 Ryan Well
Sarahborough, WI 55963",N,miles
79,Dennis Torres,151-75-8917,"USNV Stone
FPO AP 66328",Y,hours
80,Anne Rojas,830-63-6872,"USS Brewer
FPO AA 11582",Y,miles
81,Jacob Jacobs,176-04-2767,"47205 Dwayne Squares
Kathleenville, ND 35171",N,miles
82,Kristen Gates,519-89-2060,"05413 Lee Skyway
Smithland, GU 79117",Y,hours
83,Kimberly Cole,853-01-7895,"408 Norton Heights
Cervantesville, ME 84891",N,hours
84,Latasha Smith,411-56-3386,"24937 Barber Port Suite 368
Lake Garychester, TX 98898",Y,hours
85,Kaylee Myers,864-66-4366,"42926 Lisa Road
North Heidiport, VA 95608",N,hours
86,Daniel Gonzalez,184-17-7219,"7710 Moody Avenue
West Steven, MN 25009",N,hours
87,Tina Williams,436-39-3127,"USCGC Robinson
FPO AP 16317",N,hours
88,Brian Howard,777-65-9589,"2107 Hatfield Road Suite 142
North Christianfurt, DE 88326",N,hours
89,Dr. Chris Long,327-62-9492,"718 Richardson Fords Apt. 674
East Jessica, TX 90757",N,miles
90,Angel Hill,858-05-8341,"0616 Sosa Road
Lake Charles, UT 32527",N,hours
91,Steven Castro MD,785-19-8038,"4984 Blake Spur
New Brianview, WA 90646",N,miles
92,Kari Williams,536-48-1232,"93046 Jacobs Plains
Kentborough, RI 90934",Y,miles
93,Benjamin Moore,468-89-8784,"61965 Cynthia Stream
Mejiaport, ND 56058",N,hours
94,Kevin Long,645-15-6412,"USS Morris
FPO AA 95837",N,hours
95,John Woodard,105-46-5263,"49498 Jeffery Summit
Riveraside, MS 09796",Y,miles
96,Scott Smith,025-42-9262,"524 Andrew Square Apt. 453
Williamshire, NC 41517",N,miles
97,Ashley Dawson,041-49-5637,"903 Shawn Corners Suite 703
Walkerbury, AZ 23309",N,hours
98,Austin Jones,675-42-1648,"671 Andrea View
North Dianaborough, MH 01698",N,hours
99,James Zimmerman,096-51-5520,"3232 Gregory Track Suite 290
Susanberg, OH 43648",Y,hours
100,John Benson,005-33-3261,"06993 Keller View
Lewisborough, HI 63938",Y,hours
101,Zachary Anderson,385-46-5526,"205 Santos Alley
West Brenda, NE 24539",N,miles
102,Scott Hunt,477-87-4086,"15441 Wood Fork Suite 406
Simpsontown, RI 67072",Y,miles
103,Rebecca Johnson,738-97-2196,"8349 Ashley Mountains Suite 072
Freyview, WA 15830",Y,miles
104,Tyler Zimmerman,090-95-9533,"292 Christopher Plains Suite 569
South Christinaport, OR 29317",N,miles
105,Steven Montgomery,896-88-4781,"57800 Christopher Station Apt. 447
Reedmouth, AZ 14511",N,hours
106,Elizabeth Combs,457-51-6934,"35273 Savannah Orchard
Port Kelly, TN 94321",Y,hours
107,Patricia Ferrell,127-47-5358,"65066 Ronald Highway
North Tinamouth, MS 38837",Y,miles
108,Melissa Jackson,351-15-1481,"6567 Cardenas Pass
Rachelshire, WY 25427",Y,miles
109,Mary Raymond,668-99-0601,"3096 Sanders Corners Suite 459
Thompsonside, NH 76100",N,hours
